range,year,pct_disturbed_managed_water,pct_people_managed_water,pct_fire_only_managed_water,pct_disturbed_managed_land,pct_people_managed_land,pct_fire_only_managed_land,pct_disturbed_whole_water,pct_people_whole_water,pct_fire_only_whole_water,pct_disturbed_whole_land,pct_people_whole_land,pct_fire_only_whole_land,core_habitat_ha_managed,core_habitat_ha_whole
Berens,2015,45.21,29.86,15.35,47.82,31.21,16.61,49.12,29.92,19.2,51.08,30.52,20.56,133798,186547
Berens,2016,45.32,29.97,15.35,47.94,31.34,16.6,49.27,30.0,19.27,51.24,30.6,20.64,133576,186311
Berens,2017,45.44,30.1,15.34,48.07,31.48,16.59,49.44,30.09,19.35,51.43,30.71,20.72,133275,185982
Berens,2018,45.8,30.36,15.44,48.46,31.77,16.7,51.42,30.27,21.14,53.55,30.9,22.65,132763,185323
Berens,2019,50.46,30.59,19.88,53.51,32.0,21.52,55.53,30.45,25.08,58.02,31.08,26.94,129639,181704
Berens,2020,50.6,30.73,19.87,53.66,32.15,21.51,55.63,30.56,25.06,58.12,31.2,26.92,129180,181200
Berens,2021,56.74,30.85,25.89,60.04,32.28,27.76,65.27,30.63,34.64,68.25,31.27,36.98,112835,146223
Berens,2022,56.89,31.01,25.89,60.22,32.46,27.76,65.36,30.72,34.64,68.36,31.37,36.98,111749,145138
Berens,2023,56.96,31.06,25.9,60.29,32.52,27.77,65.43,30.75,34.68,68.44,31.41,37.03,111431,144486
Berens,2024,56.96,31.06,25.9,60.29,32.52,27.77,65.43,30.75,34.68,68.44,31.41,37.03,111431,144486
Berens,2025,59.37,31.06,28.31,63.08,32.52,30.56,67.54,30.75,36.78,70.89,31.41,39.48,102510,131528
Brightsand,2015,65.66,64.61,1.05,69.03,67.91,1.12,55.35,52.6,2.76,57.58,54.62,2.96,123172,256420
Brightsand,2016,65.85,64.8,1.05,69.22,68.1,1.12,55.49,52.74,2.76,57.72,54.76,2.96,122770,255983
Brightsand,2017,66.09,65.04,1.05,69.46,68.34,1.12,55.7,52.91,2.79,57.93,54.94,3.0,122469,255574
Brightsand,2018,66.41,65.33,1.08,69.78,68.62,1.16,56.28,53.12,3.16,58.55,55.14,3.41,122170,254931
Brightsand,2019,66.69,65.6,1.08,70.04,68.88,1.16,56.48,53.32,3.16,58.74,55.34,3.4,121171,253836
Brightsand,2020,66.87,65.78,1.08,70.24,69.08,1.16,56.6,53.45,3.16,58.87,55.47,3.4,120158,252821
Brightsand,2021,67.42,66.26,1.16,70.86,69.62,1.24,56.98,53.78,3.21,59.3,55.84,3.46,116374,249037
Brightsand,2022,67.64,66.49,1.16,71.12,69.88,1.24,57.14,53.93,3.21,59.48,56.02,3.46,114850,247513
Brightsand,2023,68.22,66.72,1.5,71.76,70.12,1.63,60.59,54.09,6.5,63.26,56.19,7.07,110470,217053
Brightsand,2024,68.22,66.72,1.5,71.76,70.12,1.63,60.59,54.09,6.5,63.26,56.19,7.07,110470,217053
Brightsand,2025,68.22,66.72,1.51,71.76,70.12,1.64,60.59,54.09,6.51,63.27,56.19,7.08,110469,217052
Churchill,2015,49.37,46.54,2.83,54.15,50.92,3.23,48.3,45.59,2.71,53.41,50.27,3.15,212808,224619
Churchill,2016,49.64,46.81,2.83,54.43,51.2,3.23,48.56,45.85,2.71,53.67,50.53,3.14,212162,223974
Churchill,2017,49.88,47.05,2.83,54.66,51.44,3.22,48.78,46.08,2.71,53.9,50.76,3.14,211719,223531
Churchill,2018,50.25,47.41,2.84,55.06,51.82,3.24,49.15,46.43,2.72,54.29,51.14,3.15,210730,222533
Churchill,2019,50.64,47.81,2.84,55.47,52.23,3.23,49.52,46.81,2.71,54.69,51.54,3.15,209172,220970
Churchill,2020,51.01,48.26,2.75,55.86,52.73,3.13,49.88,47.24,2.63,55.08,52.03,3.05,207740,219514
Churchill,2021,51.45,48.64,2.81,56.36,53.16,3.2,50.3,47.6,2.69,55.56,52.44,3.12,205642,217416
Churchill,2022,51.9,49.1,2.8,56.85,53.66,3.19,50.72,48.04,2.68,56.03,52.92,3.11,203546,215319
Churchill,2023,53.07,49.31,3.76,58.21,53.88,4.33,51.92,48.24,3.68,57.46,53.14,4.32,193004,204014
Churchill,2024,53.07,49.31,3.76,58.21,53.88,4.33,51.92,48.24,3.68,57.46,53.14,4.32,193004,204014
Churchill,2025,53.07,49.31,3.76,58.21,53.88,4.33,51.92,48.24,3.68,57.46,53.14,4.32,193004,204014
Kesagami,2015,53.75,52.72,1.03,55.05,53.98,1.07,42.91,40.95,1.96,43.72,41.67,2.05,723108,1251273
Kesagami,2016,53.99,52.96,1.03,55.3,54.23,1.07,43.08,41.12,1.96,43.9,41.85,2.05,721443,1249608
Kesagami,2017,54.29,53.27,1.03,55.62,54.55,1.07,43.31,41.35,1.96,44.14,42.09,2.04,718910,1246845
Kesagami,2018,54.65,53.47,1.17,55.97,54.75,1.22,43.63,41.55,2.08,44.46,42.3,2.16,716792,1244251
Kesagami,2019,54.91,53.74,1.17,56.25,55.03,1.22,43.83,41.75,2.08,44.66,42.49,2.17,713307,1240706
Kesagami,2020,55.07,53.9,1.17,56.41,55.19,1.22,43.95,41.86,2.08,44.78,42.61,2.17,710665,1238017
Kesagami,2021,55.5,54.32,1.18,56.84,55.62,1.22,44.25,42.17,2.09,45.09,42.92,2.17,706221,1233573
Kesagami,2022,55.55,54.37,1.18,56.89,55.67,1.22,44.28,42.2,2.09,45.12,42.95,2.17,705677,1233029
Kesagami,2023,56.57,54.41,2.16,57.97,55.71,2.26,45.78,42.22,3.56,46.69,42.98,3.72,685773,1194412
Kesagami,2024,56.6,54.41,2.2,58.0,55.71,2.3,45.96,42.22,3.74,46.87,42.98,3.89,685045,1189215
Kesagami,2025,56.6,54.41,2.2,58.0,55.71,2.3,45.96,42.22,3.74,46.87,42.98,3.89,685045,1189215
Nipigon,2015,74.51,71.72,2.79,76.26,73.29,2.97,62.89,59.21,3.68,72.36,67.94,4.41,93247,126311
Nipigon,2016,74.62,71.83,2.79,76.39,73.41,2.97,62.98,59.31,3.68,72.46,68.05,4.41,92756,125821
Nipigon,2017,74.66,71.87,2.79,76.43,73.45,2.97,63.02,59.34,3.68,72.51,68.09,4.41,92690,125749
Nipigon,2018,74.72,71.93,2.79,76.49,73.52,2.97,63.07,59.39,3.68,72.56,68.16,4.41,92510,125541
Nipigon,2019,74.84,72.05,2.79,76.61,73.64,2.97,63.16,59.48,3.68,72.67,68.26,4.41,92147,125179
Nipigon,2020,75.08,72.1,2.98,76.86,73.69,3.17,63.34,59.52,3.82,72.89,68.31,4.58,91161,124140
Nipigon,2021,75.13,72.14,2.99,76.91,73.73,3.18,63.38,59.56,3.82,72.93,68.35,4.59,90933,123912
Nipigon,2022,75.21,72.23,2.99,77.0,73.82,3.18,63.45,59.62,3.82,73.01,68.42,4.59,90441,123420
Nipigon,2023,76.36,72.41,3.95,78.22,74.01,4.22,64.81,59.76,5.04,74.66,68.58,6.07,88111,118727
Nipigon,2024,76.36,72.41,3.95,78.22,74.01,4.22,64.81,59.76,5.04,74.66,68.58,6.07,88111,118727
Nipigon,2025,76.42,72.41,4.01,78.29,74.01,4.28,64.85,59.76,5.09,74.72,68.58,6.13,87992,118607
Pagwachuan,2015,67.4,67.31,0.09,67.64,67.55,0.09,36.97,36.7,0.27,36.73,36.46,0.27,224769,956364
Pagwachuan,2016,68.1,67.94,0.16,68.35,68.18,0.17,37.33,37.02,0.3,37.09,36.79,0.31,222588,953895
Pagwachuan,2017,68.59,68.44,0.16,68.85,68.69,0.16,37.64,37.32,0.33,37.41,37.08,0.33,220989,951456
Pagwachuan,2018,68.78,68.62,0.16,69.04,68.88,0.16,37.83,37.49,0.34,37.6,37.25,0.35,220210,949338
Pagwachuan,2019,69.43,69.27,0.16,69.69,69.53,0.16,38.17,37.83,0.34,37.94,37.59,0.35,217219,946105
Pagwachuan,2020,69.92,69.77,0.16,70.19,70.03,0.16,38.43,38.09,0.34,38.2,37.85,0.35,215099,943837
Pagwachuan,2021,70.57,70.26,0.31,70.86,70.54,0.32,38.86,38.34,0.53,38.64,38.1,0.54,210455,937506
Pagwachuan,2022,70.96,70.65,0.31,71.24,70.92,0.32,39.05,38.52,0.53,38.82,38.28,0.54,208648,935698
Pagwachuan,2023,71.36,71.05,0.31,71.65,71.33,0.32,39.27,38.72,0.56,39.05,38.48,0.57,206055,932748
Pagwachuan,2024,71.36,71.05,0.31,71.65,71.33,0.32,39.28,38.72,0.56,39.05,38.48,0.57,206055,932735
Pagwachuan,2025,71.36,71.05,0.31,71.65,71.33,0.32,39.28,38.72,0.56,39.05,38.48,0.57,206055,932735
Sydney,2015,51.33,50.07,1.25,56.17,54.77,1.4,43.5,39.19,4.31,48.02,43.35,4.67,19432,23336
Sydney,2016,51.89,50.64,1.26,56.82,55.42,1.41,53.48,39.69,13.79,57.99,43.92,14.08,19220,23013
Sydney,2017,52.18,50.92,1.26,57.14,55.73,1.41,53.72,39.92,13.79,58.25,44.18,14.08,19007,22786
Sydney,2018,52.99,51.08,1.91,58.05,55.91,2.14,54.38,40.04,14.33,59.0,44.31,14.68,18882,22660
Sydney,2019,53.23,51.34,1.9,58.31,56.18,2.12,54.56,40.24,14.32,59.2,44.53,14.67,18758,22536
Sydney,2020,53.53,51.63,1.9,58.64,56.51,2.13,54.79,40.47,14.32,59.46,44.79,14.67,18681,22459
Sydney,2021,68.39,51.79,16.6,73.73,56.69,17.04,72.41,40.59,31.82,77.05,44.93,32.12,13226,15293
Sydney,2022,68.52,51.92,16.6,73.87,56.83,17.04,72.52,40.69,31.82,77.16,45.04,32.12,13165,15232
Sydney,2023,68.8,52.2,16.6,74.18,57.15,17.04,72.73,40.91,31.82,77.4,45.28,32.12,13033,15101
Sydney,2024,68.8,52.2,16.6,74.18,57.15,17.04,72.73,40.91,31.82,77.4,45.28,32.12,13033,15101
Sydney,2025,70.05,52.2,17.85,75.64,57.15,18.49,73.71,40.91,32.8,78.56,45.28,33.27,12694,14734
